Workbook

Sheet REQUEST (Customer)
A1: Backbone Labs, Inc. | M1: RMA Form
A3: Form Submit Date (required) | F3: Backbone RMA No. | G3: <<To be completed by Backbone>>
A5: Company Name (required) | F5: RMA Status | G5: ='DISPOSITION (BackboneOnly)'!G5 -> REQUESTED
A8: Requestor Address: (required) | F8: Requestor Reference
A10: Address 2 | F10: RMA Collection Address: (required)
A12: City, State, Zip, Country
A14: Contact Name
A16: Contact Email
A18: Phone Number
A20: RMA CONTENTS DETAILS
A21: SKU (required) | B21: DESCRIPTION | D21: QUANTITY (required) | F21: PRODUCT CONDITION (required) | G21: PACKAGE CONDITION (required) | H21: PRODUCT SERIAL NUMBER (required) | K21: PO or SO # (required) | L21: NOTES | M21: DISPOSITION <<<to be completed by Backbone>>>
B22: =VLOOKUP(A22,Tables!A:B,2,FALSE) -> #N/A
B23: =VLOOKUP(A23,Tables!A:B,2,FALSE) -> #N/A
B24: =VLOOKUP(A24,Tables!A:B,2,FALSE) -> #N/A
B25: =VLOOKUP(A25,Tables!A:B,2,FALSE) -> #N/A
B26: =VLOOKUP(A26,Tables!A:B,2,FALSE) -> #N/A
B27: =VLOOKUP(A27,Tables!A:B,2,FALSE) -> #N/A
B28: =VLOOKUP(A28,Tables!A:B,2,FALSE) -> #N/A
B29: =VLOOKUP(A29,Tables!A:B,2,FALSE) -> #N/A
B30: =VLOOKUP(A30,Tables!A:B,2,FALSE) -> #N/A
B31: =VLOOKUP(A31,Tables!A:B,2,FALSE) -> #N/A
A32: INSTRUCTIONS
A33: 1 - Please complete all required fields above
A34: 2 - Sort the requested RMA product by both product condition AND package condition. If sku is not found in the drop-down list, please manually add.
A35: 3 - Email the completed form to rma@playbackbone.com.
A36: 4 - We will ordinarily reply within 5 business days with disposition instructions.

Sheet SN LIST

Sheet SHIPPING FORM
A1: Shipper Information: | F1: Carton Information
A2: Company Name | G2: No. of carton | H2: L(in) | I2: W(in) | J2: H(in) | K2: Weight)lbs)
A3: Company Address
A4: City, State, Zip, Country
A5: Contact Name
A6: Contact Email
A7: Phone Number
A9: Carrier
A10: Service
A11: Tracking #
F16: Total | G16: =SUM(G3:G15) -> 0 | K16: =SUM(K3:K15) -> 0

Sheet DISPOSITION (BackboneOnly)
A1: Backbone Labs, Inc. | I1: Disposition (for Backbone Only)
A3: Form Submit Date | B3: ='REQUEST (Customer)'!B3 -> 0 | F3: RMA No.
A5: Company Name | B5: ='REQUEST (Customer)'!B5 -> 0 | F5: RMA Status | G5: REQUESTED
A9: Billing Address: | B9: ='REQUEST (Customer)'!B8 -> 0 | F9: Shipping Address: | G9: ='REQUEST (Customer)'!G8 -> 0
A11: Address 2 | B11: ='REQUEST (Customer)'!B10 -> 0 | F11: Address 2 | G11: ='REQUEST (Customer)'!G10 -> 0
A13: City, State, Zip, Country | B13: ='REQUEST (Customer)'!B12 -> 0 | F13: City, State, Zip, Country
A15: Billing Name: | B15: ='REQUEST (Customer)'!B14 -> 0 | F15: Shipping Name:
A17: Billing Email: | B17: ='REQUEST (Customer)'!B16 -> 0 | F17: Shipping Email:
A20: RMA CONTENTS DETAILS
A21: SKU | B21: DESCRIP | D21: QTY | F21: Received Location | G21: Comments
A22: ='REQUEST (Customer)'!A22 -> 0 | B22: ='REQUEST (Customer)'!B22 -> #N/A | D22: ='REQUEST (Customer)'!D22 -> 0
A23: ='REQUEST (Customer)'!A23 -> 0 | B23: ='REQUEST (Customer)'!B23 -> #N/A | D23: ='REQUEST (Customer)'!D23 -> 0
A24: ='REQUEST (Customer)'!A24 -> 0 | B24: ='REQUEST (Customer)'!B24 -> #N/A | D24: ='REQUEST (Customer)'!D24 -> 0
A25: ='REQUEST (Customer)'!A28 -> 0 | B25: ='REQUEST (Customer)'!B28 -> #N/A | D25: ='REQUEST (Customer)'!D28 -> 0
A26: ='REQUEST (Customer)'!A29 -> 0 | B26: ='REQUEST (Customer)'!B29 -> #N/A | D26: ='REQUEST (Customer)'!D29 -> 0
A27: ='REQUEST (Customer)'!A30 -> 0 | B27: ='REQUEST (Customer)'!B30 -> #N/A | D27: ='REQUEST (Customer)'!D30 -> 0
A28: ='REQUEST (Customer)'!A31 -> 0 | B28: ='REQUEST (Customer)'!B31 -> #N/A | D28: ='REQUEST (Customer)'!D31 -> 0
A29: NOTES

Sheet Tables
A1: SKU | B1: Description | C1: Status | D1: Product Condtion | E1: Box | F1: Receive Location
A2: BB-02-B-A | B2: Backbone One for Apple | C2: REQUESTED | D2: End user return - damaged/used | E2: No Box | F2: Backbone RC
A3: BB-02-B-R | B3: Backbone One | C3: UNDER REVIEW | D3: End user return - like new | E3: Open Box | F3: Other
A4: BB-02-B-X | B4: Backbone One for Xbox | C4: APPROVED | D4: Other - please provide more details in the Notes section | E4: Closed Box | F4: Not Received
A5: BB-02-P-BR | B5: Backbone One Lightning, Black | C5: REJECTED
A6: BB-02-P-WS | B6: Backbone One, Playstation Edition
A7: BB-02-W-S | B7: Backbone One for Playstation
A8: BB-51-B-R | B8: Backbone One (USB-C)
A9: BB-51-P-BA | B9: Backbone One (USB-C), Apple Edition
A10: BB-51-P-BR | B10: Backbone One (USB-C), Black
A11: BB-51-P-WS | B11: Backbone One (USB-C), Playstation Edition
A12: BB-51-W-S | B12: Backbone One (USB-C), for Playstation
A13: CC-01-B-R | B13: Backbone One Carrying Case
A14: CC-01-W-S | B14: Backbone One Carrying Case
